類別,地標,經度,緯度,圖片,回饋_1,回饋_2,鄰近地標
台灣地理,玉山國家公園,121.0309,23.4443,/static/image/玉山國家公園.png,各位同學，想像「台灣屋脊」玉山是學校裡3952公尺高的風紀股長！玉山國家公園就是他的秘密基地，橫跨了四個縣市，超有分量。最酷的是，因為他實在太高了，走進去就像坐上「生態電梯」，能從山腳的熱帶闊葉林，咻一下看盡山頂的寒帶箭竹。這裡還藏著許多保育類大明星，像是穿著V字領的台灣黑熊，最愛在針葉林裡和長鬃山羊玩捉迷藏，生態豐富到爆表！,早上我們先衝「塔塔加遊客中心」報到，吸飽高山芬多精。接著漫步前往「鹿林神木」，這棵活了上千年的神木，會讓你瞬間覺得歷史課本有多渺小。中午在群山環繞下野餐，下午則挑戰平易近人的「麟趾山步道」。漫步在草原稜線上，運氣好能看見翻滾的雲海，包你拍照拍到手機沒電，回家秒睡！,
台灣地理,墾丁國家公園,120.7772,21.9483,/static/image/墾丁國家公園.png,哈囉各位大朋友小朋友！今天地理老師要帶你們去台灣最南端、自帶「熱帶島嶼度假風」的墾丁國家公園！這裡之所以叫「墾丁」，是因為清朝時有一群壯丁大老遠跑來這裡「開墾壯丁」，結果一不小心就把這片有著珊瑚礁裙礁、石灰岩地形和超美沙灘的天堂給發掘出來了。這裡不僅是台灣第一座國家公園，更是全台唯一涵蓋陸地與海域的國家公園，隨便走走都能踩到大自然的地理課本。,既然來了，老師幫你們排一個好玩到熱昏的一日遊！早晨先去鵝鑾鼻燈塔看巴士海峽與太平洋的交會，順便跟這座「台灣光芒」合照。中午去後壁湖吃便宜到流淚的生魚片大餐，補充滿滿的海鮮能量。下午到貓鼻頭或萬里桐浮潛，跟海龜、熱帶魚打個招呼。傍晚在關山欣賞被評為世界級的夕陽，晚上再用墾丁大街的夜市小吃為這趟地理考察畫下完美的句點！,
台灣地理,陽明山國家公園,121.5584,25.1942,/static/image/陽明山國家公園.png,同學，快醒醒！今天我們要去跟大自然「火山爆發式」的面試！說到陽明山國家公園，它可不是省油的燈，這座緊貼著台北市區的「活火山家族」，根本是天然的地熱溫泉大飯店！很久以前，這群火山兄弟們一陣狂轟猛炸，留下了不斷冒白煙的小油坑，那濃郁的「臭雞蛋」硫磺味，就是火山在向你打招呼。這裡春天有滿山遍野的杜鵑花，夏天能避暑，秋天還有銀白色的芒草浪花，簡直是台北人的後花園兼超級冷氣機！,早上趁著天氣涼爽，先衝去小油坑，親眼看看課本上的「後火山作用」，順便跟天然的冒煙大煙囪拍張網美照。中午去竹子湖吃熱騰騰的山產雞湯，如果是春天來，還能順便採海芋或繡球花。下午則到擎天崗大草原，躺在草地上看水牛漫步，享受被風吹到懷疑人生的快感。下山前，再去冷水坑泡個免費的足湯，完美結束這趟雙腳酸痛、心靈滿電的火山大冒險！,
台灣地理,太魯閣國家公園,121.4865,24.1862,/static/image/太魯閣國家公園.png,同學們上課啦！菲律賓海板塊與歐亞板塊在百萬年前上演「世紀大擠壓」，硬生生把深海的大理岩推上天，這就是太魯閣國家公園。接著，狠角色立霧溪手拿「大自然雕刻刀」日夜瘋狂向下切，造就了舉世聞名的太魯閣峽谷。簡單來說，這是一部大自然的熱血故事，地質精華全在這，考試必考，別再打瞌睡啦！,老師帶你們去一日遊！早上先衝燕子口步道，戴好安全帽，欣賞燕子在大理石峽谷間飆車。中午到天祥吃飽喝足、補充體力。下午挑戰九曲洞步道，近距離感受高聳峭壁，體驗什麼叫「夾縫中求生存」。最後去長春祠拍張照，看泉水自山壁湧出，完美結束這趟行程。,
台灣地理,雪霸國家公園,121.1226,24.3624,/static/image/雪霸國家公園.png,同學好！今天我們不背課本，老師帶你們去一個「神仙打架」的地方——雪霸國家公園！這裡最酷的特產就是全台灣最難爬的「聖稜線」，連綿的山峰帥到像在走伸展台。更厲害的是，這裡住著世界級的活化石「櫻花鉤吻鮭」，牠們超級挑剔，只願意住在冰涼乾淨的溪水裡，簡直是溪流界的傲嬌貴族！而且這裡還有全台僅存的冰河遺跡「圈谷」，讓你不用出國，就能摸到冰河留下來的「歷史指紋」,一大早我們先衝到武陵農場，一邊大口吸入滿滿的負離子，一邊在七家灣溪尋找剛剛提到的國寶魚。中午就在樹蔭下野餐，享受全台灣最奢華的森林芬多精。下午體力好的同學，跟著老師挑戰桃山瀑布步道，沿途認識溫帶植物，順便把課本上的垂直生長理論複習一遍。傍晚回程前，一定要在觀景台等著看雪山聖稜線的夕陽，當金黃色的光芒灑在山頭上，包準你感動到忘記明天的地理考試！,
台灣地理,金門國家公園,118.3495,24.4441,/static/image/金門國家公園.png,這裡跟別的國家公園很不一樣，人家看黑熊，我們看「砲彈」！這裡曾是保衛台灣的戰地大前鋒，島上到處都是阿兵哥挖出來的超酷地下坑道，簡直就像真實版的「麥塊」世界。更扯的是，這裡居然還是風獅爺的瘋狂粉絲俱樂部，因為以前樹都被砍光來造船，風大到不行，居民只好請風獅爺當超級擋風神盾。現在島上生態好到連保育類的歐亞水獺都想來定居，簡直是從戰火奇蹟轉型成野生動物的度假天堂！,地理老師不藏私，金門熱血一日遊直接幫你排好！早上先衝翟山坑道，欣賞鬼斧神工的地下水道，保證涼爽到不用開冷氣。中午來碗在地石蚵麵線充飽電，下午去古寧頭戰史館與得月樓，看洋樓與彈孔，秒懂什麼叫大時代的淚水。傍晚到慈湖看夕陽，運氣好還能看到成千上萬隻鸕鶿歸巢的壯觀大景！,
台灣地理,東沙環礁國家公園,116.8982,20.6553,/static/image/東沙環礁國家公園.png,虛擬回饋,虛擬回饋,
台灣地理,台江國家公園,120.1359,23.0023,/static/image/台江國家公園.png,虛擬回饋,虛擬回饋,
台灣地理,澎湖南方四島國家公園,119.4363,23.2564,/static/image/澎湖南方四島國家公園.png,虛擬回饋,虛擬回饋,
台灣地理,曾文水庫,120.5338,23.2481,/static/image/曾文水庫.png,虛擬回饋,虛擬回饋,
台灣地理,烏山頭水庫,120.454,23.248,/static/image/烏山頭水庫.png,虛擬回饋,虛擬回饋,
台灣地理,石門水庫,121.2517,24.8099,/static/image/石門水庫.png,虛擬回饋,虛擬回饋,
台灣地理,德基水庫,121.1653,24.2593,/static/image/德基水庫.png,虛擬回饋,虛擬回饋,
台灣地理,翡翠水庫,121.5862,24.9145,/static/image/翡翠水庫.png,虛擬回饋,虛擬回饋,
台灣地理,日月潭水庫,120.8795,23.8573,/static/image/日月潭水庫.png,虛擬回饋,虛擬回饋,
台灣地理,鯉魚潭水庫,120.9069,24.588,/static/image/鯉魚潭水庫.png,虛擬回饋,虛擬回饋,
台灣地理,成功水庫,119.613,23.5747,/static/image/成功水庫.png,虛擬回饋,虛擬回饋,
台灣地理,明德水庫,120.9107,24.588,/static/image/明德水庫.png,虛擬回饋,虛擬回饋,
台灣地理,富貴角燈塔,121.5333,25.2946,/static/image/富貴角燈塔.png,虛擬回饋,虛擬回饋,
台灣地理,鵝鑾鼻燈塔,120.8501,21.9021,/static/image/鵝鑾鼻燈塔.png,虛擬回饋,虛擬回饋,
台灣地理,三貂角燈塔,121.9989,25.0084,/static/image/三貂角燈塔.png,虛擬回饋,虛擬回饋,
台灣地理,國聖港燈塔,120.0334,23.1007,/static/image/國聖港燈塔.png,虛擬回饋,虛擬回饋,
台灣地理,高雄港,120.2682,22.5992,/static/image/高雄港.png,虛擬回饋,虛擬回饋,
台灣地理,基隆港,121.7295,25.1356,/static/image/基隆港.png,虛擬回饋,虛擬回饋,
台灣地理,台中港,120.5026,24.2871,/static/image/台中港.png,虛擬回饋,虛擬回饋,
台灣地理,台北港,121.3564,25.152,/static/image/台北港.png,虛擬回饋,虛擬回饋,
台灣地理,安平港,120.1429,22.9921,/static/image/安平港.png,虛擬回饋,虛擬回饋,
台灣地理,花蓮港,121.612,23.9878,/static/image/花蓮港.png,虛擬回饋,虛擬回饋,
台灣地理,蘇澳港,121.8602,24.5946,/static/image/蘇澳港.png,虛擬回饋,虛擬回饋,
台灣地理,中正紀念堂,121.5176,25.0355,/static/image/中正紀念堂.png,虛擬回饋,虛擬回饋,
台灣地理,大甲鎮瀾宮,120.6226,24.3453,/static/image/大甲鎮瀾宮.png,虛擬回饋,虛擬回饋,
台灣地理,駁二藝術特區,120.2766,22.6197,/static/image/駁二藝術特區.png,虛擬回饋,虛擬回饋,
冰店,花毛かき氷喫茶,120.6289,24.1533,/static/ice/花毛かき氷喫茶,虛擬回饋,虛擬回饋,臺中國家歌劇院、黎明新村
冰店,白澤寶石箱,120.3174,22.654,/static/ice/白澤寶石箱,虛擬回饋,虛擬回饋,捷運灣仔內站、高雄科技大學
冰店,覓雪,120.9653,24.8071,/static/ice/覓雪,虛擬回饋,虛擬回饋,新竹都城隍廟、新竹東門市場
冰店,花見ice,120.6437,24.18,/static/ice/花見ice,虛擬回饋,虛擬回饋,逢甲大學
冰店,麻吉叔冰舖,121.2097,25.0155,/static/ice/麻吉叔冰舖,虛擬回饋,虛擬回饋,華泰名品城、桃園高鐵站
冰店,允川製冰所,120.3357,22.6857,/static/ice/允川製冰所,虛擬回饋,虛擬回饋,高雄仁武區、八卦休閒公園
冰店,花藏雪手作雪冰,121.5236,23.6745,/static/ice/花藏雪手作雪冰,虛擬回饋,虛擬回饋,士林官邸、銘傳大學(台北校區)
冰店,冰角放空,120.4763,23.6746,/static/ice/冰角放空,虛擬回饋,虛擬回饋,斗南車站
冰店,初春冰室,121.7452,25.1284,/static/ice/初春冰室,虛擬回饋,虛擬回饋,基隆火車站
冰店,老喬冰菓室,120.6926,24.1803,/static/ice/老喬冰菓室,虛擬回饋,虛擬回饋,臺中北屯區、捷運松竹站
咖啡廳,甜酸一號店 Sweet & Sour Life,121.5193,25.0535,/static/cafe/甜酸一號店 Sweet & Sour Life,虛擬回饋,虛擬回饋,捷運中山站、台北當代藝術館
咖啡廳,桑原商店,120.2138,22.9864,/static/cafe/桑原商店,虛擬回饋,虛擬回饋,台南新樓醫院、三角公園
咖啡廳,蜜境_MiJing,120.6442,24.3097,/static/cafe/蜜境_MiJing,虛擬回饋,虛擬回饋,外埔忘憂谷、忘憂巴士
咖啡廳,小舊閣樓Glow,121.216,24.9556,/static/cafe/小舊閣樓Glow,虛擬回饋,虛擬回饋,中壢車站、機場捷運老街溪站
咖啡廳,點二咖啡,121.5299,25.0682,/static/cafe/點二咖啡,虛擬回饋,虛擬回饋,花博公園新生園區、行天宮
咖啡廳,Prozess Flower,121.1331,22.7784,/static/cafe/Prozess Flower,虛擬回饋,虛擬回饋,台東車站
咖啡廳,雲朵森林x泳池咖啡,120.9409,24.6914,/static/cafe/雲朵森林x泳池咖啡,虛擬回饋,虛擬回饋,雲林頭份、楓林隧道
咖啡廳,友蛇咖啡,121.1208,22.8088,/static/cafe/友蛇咖啡,虛擬回饋,虛擬回饋,卑南溪、台東市公所
咖啡廳,山影人宅,120.9181,23.9047,/static/cafe/山影人宅,虛擬回饋,虛擬回饋,南投縣魚池鄉、日月潭
咖啡廳,12街貓咪咖啡屋,120.6547,24.1524,/static/cafe/12街貓咪咖啡屋,虛擬回饋,虛擬回饋,國立自然科學博物館、幻覺博物館
火鍋店,清豐濤月,120.5221,23.461,/static/hot_pot/清豐濤月,虛擬回饋,虛擬回饋,嘉義仁義潭水庫、義德寺
火鍋店,食光鍋客,120.1914,22.9848,/static/hot_pot/食光鍋客,虛擬回饋,虛擬回饋,台南水萍塭公園、藍晒圖文創園區
火鍋店,拾宴蒸汽石鍋物,120.2984,22.6197,/static/hot_pot/拾宴蒸汽石鍋物,虛擬回饋,虛擬回饋,捷運中央公園、三多商圈
火鍋店,良人煮鍋,120.1652,22.9828,/static/hot_pot/良人煮鍋,虛擬回饋,虛擬回饋,府平公園、鯤鯓湖
火鍋店,三千苑鍋物,120.4918,24.1069,/static/hot_pot/三千苑鍋物,虛擬回饋,虛擬回饋,彰化和美鎮公所
火鍋店,一彤匠心麻辣煲鍋,121.4842,25.0586,/static/hot_pot/一彤匠心麻辣煲鍋,虛擬回饋,虛擬回饋,捷運三重站、三重集美國小
火鍋店,泉布苑鍋物,121.0106,24.833,/static/hot_pot/泉布苑鍋物,虛擬回饋,虛擬回饋,竹北火車站、豆子埔溪
火鍋店,銅話鍋物,120.9727,24.8071,/static/hot_pot/銅話鍋物,虛擬回饋,虛擬回饋,新竹巨城、新竹市立動物園
火鍋店,撈家私房鍋物,121.5437,25.0795,/static/hot_pot/撈家私房鍋物,虛擬回饋,虛擬回饋,捷運大直站、基隆河大佳碼頭
火鍋店,澄苑日式精緻鍋物,120.2231,22.9855,/static/hot_pot/澄苑日式精緻鍋物,虛擬回饋,虛擬回饋,台南大東夜市、赤崁樓